{
    "schemaVersion": "1.0",
    "artifacts": {
        "swiftformat": {
            "version": "0.55.5",
            "type": "executable",
            "variants": [
                {
                    "path": "swiftformat-0.55.5-macos/bin/swiftformat",
                    "supportedTriples": ["x86_64-apple-macosx", "arm64-apple-macosx"]
                },
                {
                    "path": "swiftformat-0.55.5-linux-gnu/bin/swiftformat_linux",
                    "supportedTriples": ["x86_64-unknown-linux-gnu"]
                },
                {
                    "path": "swiftformat-0.55.5-linux-gnu/bin/swiftformat_linux_aarch64",
                    "supportedTriples": ["aarch64-unknown-linux-gnu"]
                }
            ]
        }
    }
}
